,icd_code,icd_kor_name
0,A00,콜레라
1,A01,장티푸스 및 파라티푸스
2,A02,기타 살모넬라감염
3,A03,시겔라증
4,A04,기타 세균성 장감염
5,A05,달리 분류되지 않은 기타 세균성 음식매개중독
6,A06,아메바증
7,A07,기타 원충성 장질환
8,A08,바이러스성 및 기타 명시된 장감염
9,A09,감염성 및 상세불명 기원의 기타 위장염 및 결장염
10,A15,세균학적 및 조직학적으로 확인된 호흡기결핵
11,A16,세균학적으로나 조직학적으로 확인되지 않은 호흡기결핵
12,A17,신경계통의 결핵
13,A18,기타 기관의 결핵
14,A19,좁쌀결핵
15,A20,페스트
16,A21,야생토끼병
17,A22,탄저병
18,A23,브루셀라병
19,A24,마비저 및 유사비저
20,A25,쥐물음열
21,A26,유사단독
22,A27,렙토스피라병
23,A28,달리 분류되지 않은 기타 동물매개의 세균성 질환
24,A30,나병[한센병]
25,A31,기타 형태의 마이코박테리아에 의한 감염
26,A32,리스테리아증
27,A33,신생아파상풍
28,A34,산과적 파상풍
29,A35,기타 파상풍
30,A36,디프테리아
31,A37,백일해
32,A38,성홍열
33,A39,수막구균감염
34,A40,연쇄구균패혈증
35,A41,기타 패혈증
36,A42,방선균증
37,A43,노카르디아증
38,A44,바르토넬라병
39,A46,단독(丹毒)
40,A48,달리 분류되지 않은 기타 세균성 질환
41,A49,상세불명 부위의 세균감염
42,A50,선천매독
43,A51,조기매독
44,A52,만기매독
45,A53,기타 및 상세불명의 매독
46,A54,임균감염
47,A55,클라미디아림프육아종(성병성)
48,A56,기타 성행위로 전파되는 클라미디아질환
49,A57,무른궤양
50,A58,사타구니육아종
51,A59,편모충증
52,A60,항문생식기의 헤르페스바이러스[단순헤르페스]감염
53,A63,달리 분류되지 않은 기타 주로 성행위로 전파되는 질환
54,A64,상세불명의 성매개질환
55,A65,비성병성 매독
56,A66,요스
57,A67,핀타
58,A68,재귀열
59,A69,기타 스피로헤타감염
60,A70,클라미디아 시타시 감염
61,A71,트라코마
62,A74,클라미디아에 의한 기타 질환
63,A75,발진티푸스
64,A77,홍반열[진드기매개 리케차병]
65,A78,큐열
66,A79,기타 리케차병
67,A80,급성 회색질척수염
68,A81,중추신경계통의 비정형바이러스감염
69,A82,광견병
70,A83,모기매개바이러스뇌염
71,A84,진드기매개바이러스뇌염
72,A85,달리 분류되지 않은 기타 바이러스뇌염
73,A86,상세불명의 바이러스뇌염
74,A87,바이러스수막염
75,A88,달리 분류되지 않은 중추신경계통의 기타 바이러스감염
76,A89,중추신경계통의 상세불명의 바이러스감염
77,A92,기타 모기매개바이러스열
78,A93,달리 분류되지 않은 기타 절지동물매개바이러스열
79,A94,상세불명의 절지동물매개 바이러스열
80,A95,황열
81,A96,아레나바이러스출혈열
82,A97,뎅기
83,A98,달리 분류되지 않은 기타 바이러스출혈열
84,A99,상세불명의 바이러스출혈열
85,B00,헤르페스바이러스[단순헤르페스] 감염
86,B01,수두
87,B02,대상포진
88,B03,마마
89,B04,원숭이두창
90,B05,홍역
91,B06,풍진
92,B07,바이러스사마귀
93,B08,달리 분류되지 않은 피부 및 점막병변이 특징인 기타 바이러스감염
94,B09,피부 및 점막병변이 특징인 상세불명의 바이러스감염
95,B15,급성 A형간염
96,B16,급성 B형간염
97,B17,기타 급성 바이러스간염
98,B18,만성 바이러스간염
99,B19,상세불명의 바이러스간염
100,B20,감염성 및 기생충성 질환을 유발한 인체면역결핍바이러스병
101,B21,악성 신생물을 유발한 인체면역결핍바이러스병
102,B22,기타 명시된 질환을 유발한 인체면역결핍바이러스병
103,B23,기타병태를 유발한 인체면역결핍바이러스병
104,B24,상세불명의 인체면역결핍바이러스병
105,B25,거대세포바이러스병
106,B26,볼거리
107,B27,감염성 단핵구증
108,B30,바이러스결막염
109,B33,달리 분류되지 않은 기타 바이러스질환
110,B34,상세불명 부위의 바이러스감염
111,B35,백선증
112,B36,기타 표재성 진균증
113,B37,칸디다증
114,B38,콕시디오이데스진균증
115,B39,히스토플라스마증
116,B40,분아균증
117,B41,파라콕시디오이데스진균증
118,B42,스포로트릭스증
119,B43,색소진균증 및 피오진균농양
120,B44,아스페르길루스증
121,B45,크립토콕쿠스증
122,B46,접합진균증
123,B47,진균종
124,B48,달리 분류되지 않은 기타 진균증
125,B49,상세불명의 진균증
126,B50,열대열원충말라리아
127,B51,삼일열원충말라리아
128,B52,사일열원충말라리아
129,B53,기타 기생충학적으로 확인된 말라리아
130,B54,상세불명의 말라리아
131,B55,리슈만편모충증
132,B56,아프리카파동편모충증
133,B57,샤가스병
134,B58,톡소포자충증
135,B59,폐포자충증(J17.3*)
136,B60,달리 분류되지 않은 기타 원충질환
137,B64,상세불명의 원충병
138,B65,주혈흡충증
139,B66,기타 흡충감염
140,B67,포충증
141,B68,조충증
142,B69,낭미충증
143,B70,열두조충증 및 고충증
144,B71,기타 조충감염
145,B72,메디나충증
146,B73,회선사상충증
147,B74,사상충증
148,B75,선모충증
149,B76,구충병
150,B77,회충증
151,B78,분선충증
152,B79,편충증
153,B80,요충증
154,B81,달리 분류되지 않은 기타 장연충증
155,B82,상세불명의 장기생충증
156,B83,기타 연충증
157,B85,이감염증 및 사면발이증
158,B86,옴
159,B87,구더기증
160,B88,기타 감염
161,B89,상세불명의 기생충병
162,B90,결핵의 후유증
163,B91,회색질척수염의 후유증
164,B92,나병의 후유증
165,B94,기타 및 상세불명의 감염성 및 기생충성 질환의 후유증
166,B95,다른 장에서 분류된 질환의 원인으로서의 연쇄구균 및 포도구균
167,B96,다른 장에서 분류된 질환의 원인으로서의 기타 명시된 세균감염체
168,B97,다른 장에서 분류된 질환의 원인으로서의 바이러스감염체
169,B98,다른 장에서 분류된 질환의 원인으로서의 기타 명시된 감염체
170,B99,기타 및 상세불명의 감염성 질환
171,D00,"구강, 식도 및 위의 제자리암종"
172,D01,기타 및 상세불명의 소화기관의 제자리암종
173,D02,중이 및 호흡계통의 제자리암종
174,D03,제자리흑색종
175,D04,피부의 제자리암종
176,D05,유방의 제자리암종
177,D06,자궁경부의 제자리암종
178,D07,기타 및 상세불명의 생식기관의 제자리암종
179,D09,기타 및 상세불명 부위의 제자리암종
180,D10,입 및 인두의 양성 신생물
181,D11,주침샘의 양성 신생물
182,D12,"결장, 직장, 항문 및 항문관의 양성 신생물"
183,D13,기타 및 부위불명의 소화계통의 양성 신생물
184,D14,중이 및 호흡계통의 양성 신생물
185,D15,기타 및 상세불명의 흉곽내기관의 양성 신생물
186,D16,골 및 관절연골의 양성 신생물
187,D17,양성 지방종성 신생물
188,D18,모든 부위의 혈관종 및 림프관종
189,D19,중피조직의 양성 신생물
190,D20,후복막 및 복막 연조직의 양성 신생물
191,D21,결합조직 및 기타 연조직의 기타 양성 신생물
192,D22,멜라닌세포모반
193,D23,피부의 기타 양성 신생물
194,D24,유방의 양성 신생물
195,D25,자궁의 평활근종
196,D26,자궁의 기타 양성 신생물
197,D27,난소의 양성 신생물
198,D28,기타 및 상세불명의 여성생식기관의 양성 신생물
199,D29,남성생식기관의 양성 신생물
200,D30,비뇨기관의 양성 신생물
201,D31,눈 및 부속기의 양성 신생물
202,D32,수막의 양성 신생물
203,D33,뇌 및 중추신경계통의 기타 부분의 양성 신생물
204,D34,갑상선의 양성 신생물
205,D35,기타 및 상세불명의 내분비선의 양성 신생물
206,D36,기타 및 상세불명 부위의 양성 신생물
207,D37,구강 및 소화기관의 행동양식 불명 또는 미상의 신생물
208,D38,"중이, 호흡기관, 흉곽내기관의 행동양식 불명 또는 미상의 신생물"
209,D39,여성생식기관의 행동양식 불명 또는 미상의 신생물
210,D40,남성생식기관의 행동양식 불명 또는 미상의 신생물
211,D41,비뇨기관의 행동양식 불명 또는 미상의 신생물
212,D42,수막의 행동양식 불명 또는 미상의 신생물
213,D43,뇌 및 중추신경계통의 행동양식 불명 또는 미상의 신생물
214,D44,내분비선의 행동양식 불명 또는 미상의 신생물
215,D45,진성 적혈구증가증
216,D46,골수형성이상증후군
217,D47,"림프, 조혈 및 관련 조직의 행동양식 불명 및 미상의 기타 신생물"
218,D48,기타 및 상세불명 부위의 행동양식 불명 또는 미상의 신생물
219,D55,효소장애에 의한 빈혈
220,D56,지중해빈혈
221,D57,낫적혈구장애
222,D58,기타 유전성 용혈성 빈혈
223,D59,후천성 용혈성 빈혈
224,D60,후천성 순수적혈구무형성[적모구감소]
225,D61,기타 무형성빈혈
226,D62,급성 출혈후 빈혈
227,D63,달리 분류된 만성 질환에서의 빈혈
228,D64,기타 빈혈
229,D65,파종성 혈관내응고[탈피브린증후군]
230,D66,유전성 제8인자결핍
231,D67,유전성 제9인자결핍
232,D68,기타 응고결함
233,D69,자반 및 기타 출혈성 병태
234,D70,무과립구증
235,D71,다형핵호중구의 기능장애
236,D72,백혈구의 기타 장애
237,D73,비장의 질환
238,D74,메트헤모글로빈혈증
239,D75,혈액 및 조혈기관의 기타 질환
240,D76,림프세망 및 세망조직구 조직의 참여를 동반한 기타 명시된 질환
241,D77,달리 분류된 질환에서 혈액 및 조혈기관의 기타 장애
242,D80,항체결손이 현저한 면역결핍
243,D81,복합면역결핍
244,D82,기타 주요 결손과 관련된 면역결핍
245,D83,공통 가변성 면역결핍
246,D84,기타 면역결핍
247,D86,사르코이드증
248,D89,달리 분류되지 않은 면역메커니즘을 침범한 기타 장애
249,E10,1형 당뇨병
250,E11,2형 당뇨병
251,E12,영양실조-관련 당뇨병
252,E13,기타 명시된 당뇨병
253,E14,상세불명의 당뇨병
254,E15,비당뇨병성 저혈당성 혼수
255,E16,췌장내분비의 기타 장애
256,E20,부갑상선기능저하증
257,E21,부갑상선기능항진증 및 부갑상선의 기타 장애
258,E22,뇌하수체의 기능항진
259,E23,뇌하수체의 기능저하 및 기타 장애
260,E24,쿠싱증후군
261,E25,부신생식기장애
262,E26,고알도스테론증
263,E27,부신의 기타 장애
264,E28,난소의 기능이상
265,E29,고환의 기능이상
266,E30,달리 분류되지 않은 사춘기의 장애
267,E31,다선성 기능이상
268,E32,흉선의 질환
269,E34,기타 내분비장애
270,E35,달리 분류된 질환에서의 내분비선장애
271,E40,콰시오르코르
272,E41,영양성 소모증
273,E42,소모성 콰시오르코르
274,E43,상세불명의 중증 단백질-에너지영양실조
275,E44,중등도 및 경도의 단백질-에너지영양실조
276,E45,단백질-에너지영양실조로 인한 발육지연
277,E46,상세불명의 단백질-에너지영양실조
278,E50,비타민A결핍
279,E51,티아민결핍
280,E52,니아신결핍[펠라그라]
281,E53,기타 비타민B군의 결핍
282,E54,아스코르빈산결핍
283,E55,비타민D결핍
284,E56,기타 비타민결핍
285,E58,식사성 칼슘결핍
286,E59,식사성 셀레늄결핍
287,E60,식사성 아연결핍
288,E61,기타 영양소의 결핍
289,E63,기타 영양결핍
290,E64,영양실조 및 기타 영양결핍의 후유증
291,E65,국소적 지방과다
292,E66,비만
293,E67,기타 과영양
294,E68,과영양의 후유증
295,E70,방향족아미노산대사장애
296,E71,측쇄아미노산 및 지방산 대사장애
297,E72,아미노산대사의 기타 장애
298,E73,젖당불내성
299,E74,탄수화물대사의 기타 장애
300,E75,스핑고지질대사장애 및 기타 지질축적장애
301,E76,글리코사미노글라이칸대사장애
302,E77,당단백질대사장애
303,E78,지질단백질대사장애 및 기타 지질증
304,E79,퓨린 및 피리미딘의 대사장애
305,E80,포르피린 및 빌리루빈 대사장애
306,E83,무기질대사장애
307,E84,낭성 섬유증
308,E85,아밀로이드증
309,E86,용적고갈
310,E87,"수분, 전해질 및 산-염기균형의 기타 장애"
311,E88,기타 대사장애
312,E89,달리 분류되지 않은 처치후 내분비 및 대사 장애
313,E90,달리 분류된 질환에서의 영양 및 대사 장애
314,F10,알콜사용에 의한 정신 및 행동 장애
315,F11,아편유사제 사용에 의한 정신 및 행동 장애
316,F12,카나비노이드 사용에 의한 정신 및 행동 장애
317,F13,진정제 또는 수면제 사용에 의한 정신 및 행동 장애
318,F14,코카인 사용에 의한 정신 및 행동 장애
319,F15,카페인을 포함하는 기타 흥분제 사용에 의한 정신 및 행동 장애
320,F16,환각제 사용에 의한 정신 및 행동 장애
321,F17,담배흡연에 의한 정신 및 행동 장애
322,F18,휘발용제 사용에 의한 정신 및 행동 장애
323,F19,여러 약물 사용 및 기타 정신활성물질의 사용에 의한 정신 및 행동 장애
324,F20,조현병
325,F21,조현형장애
326,F22,지속성 망상장애
327,F23,급성 및 일과성 정신병장애
328,F24,유도망상장애
329,F25,조현정동장애
330,F28,기타 비기질성 정신병장애
331,F29,상세불명의 비기질성 정신병
332,F30,조증에피소드
333,F31,양극성 정동장애
334,F32,우울에피소드
335,F33,재발성 우울장애
336,F34,지속성 기분[정동]장애
337,F38,기타 기분[정동]장애
338,F39,상세불명의 기분[정동]장애
339,F40,공포성 불안장애
340,F41,기타 불안장애
341,F42,강박장애
342,F43,심한 스트레스에 대한 반응 및 적응장애
343,F44,해리[전환]장애
344,F45,신체형장애
345,F48,기타 신경성 장애
346,F50,식사장애
347,F51,비기질성 수면장애
348,F52,기질성 장애나 질병에 의하지 않은 성기능장애
349,F53,달리 분류되지 않은 산후기의 정신 및 행동 장애
350,F54,달리 분류된 장애나 질환에 연관된 심리적 요인 및 행동적 요인
351,F55,비의존성 물질의 남용
352,F59,생리적 장애 및 신체적 요인과 연관된 상세불명의 행동증후군
353,F60,특정 인격장애
354,F61,혼합형 및 기타 인격장애
355,F62,뇌 손상과 질병이 원인이 아닌 지속적인 인격변화
356,F63,습관 및 충동 장애
357,F64,성주체성장애
358,F65,성선호장애
359,F66,성적 발달과 지향에 관계된 심리적 장애 및 행동장애
360,F68,성인의 인격 및 행동의 기타 장애
361,F69,성인의 인격 및 행동의 상세불명의 장애
362,F70,경도 정신지체
363,F71,중등도 정신지체
364,F72,중증 정신지체
365,F73,최중증 정신지체
366,F78,기타 정신지체
367,F79,상세불명의 정신지체
368,F80,말하기와 언어의 특정 발달장애
369,F81,학습술기의 특정 발달장애
370,F82,운동기능의 특정 발달장애
371,F83,혼합형 특정 발달장애
372,F84,전반발달장애
373,F88,심리적 발달의 기타 장애
374,F89,심리적 발달의 상세불명의 장애
375,F90,운동과다장애
376,F91,행동장애
377,F92,행동 및 정서의 혼합 장애
378,F93,소아기에만 발병하는 정서장애
379,F94,소아기 및 청소년기에만 발병하는 사회적 기능수행장애
380,F95,틱장애
381,F98,소아기 및 청소년기에 주로 발병하는 기타 행동 및 정서장애
382,F99,정신장애 NOS
383,G10,헌팅톤병
384,G11,유전성 운동실조
385,G12,척수성 근위축 및 관련 증후군
386,G13,달리 분류된 질환에서의 일차적으로 중추신경계통에 영향을 주는 계통성 위축
387,G14,소아마비후증후군
388,G20,파킨슨병
389,G21,이차성 파킨슨증
390,G22,달리 분류된 질환에서의 파킨슨증
391,G23,기저핵의 기타 퇴행성 질환
392,G24,근긴장이상
393,G25,기타 추체외로 및 운동 장애
394,G26,달리 분류된 질환에서의 추체외로 및 운동 장애
395,G30,알츠하이머병
396,G31,달리 분류되지 않은 신경계통의 기타 퇴행성 질환
397,G32,달리 분류된 질환에서의 신경계통의 기타 퇴행장애
398,G35,다발경화증
399,G36,기타 급성 파종성 탈수초
400,G37,중추신경계통의 기타 탈수초질환
401,G40,뇌전증
402,G41,뇌전증지속상태
403,G43,편두통
404,G44,기타 두통증후군
405,G45,일과성 뇌허혈발작 및 관련 증후군
406,G46,뇌혈관질환에서의 뇌의 혈관증후군(I60-I67†)
407,G47,수면장애
408,G50,삼차신경의 장애
409,G51,안면신경장애
410,G52,기타 뇌신경의 장애
411,G53,달리 분류된 질환에서의 뇌신경장애
412,G54,신경근 및 신경총 장애
413,G55,달리 분류된 질환에서의 신경근 및 신경총 압박
414,G56,팔의 단일신경병증
415,G57,다리의 단일신경병증
416,G58,기타 단일신경병증
417,G59,달리 분류된 질환에서의 단일신경병증
418,G60,유전성 및 특발성 신경병증
419,G61,염증성 다발신경병증
420,G62,기타 다발신경병증
421,G63,달리 분류된 질환에서의 다발신경병증
422,G64,말초신경계통의 기타 장애
423,G70,중증근무력증 및 기타 근신경장애
424,G71,근육의 원발성 장애
425,G72,기타 근병증
426,G73,달리 분류된 질환에서의 신경근접합부 및 근육의 장애
427,G80,뇌성마비
428,G81,편마비
429,G82,하반신마비 및 사지마비
430,G83,기타 마비증후군
431,G90,자율신경계통의 장애
432,G91,수두증
433,G92,독성뇌병증
434,G93,뇌의 기타 장애
435,G94,달리 분류된 질환에서의 뇌의 기타 장애
436,G95,척수의 기타 질환
437,G96,중추신경계통의 기타 장애
438,G97,달리 분류되지 않은 신경계통의 처치후 장애
439,G98,달리 분류되지 않은 신경계통의 기타 장애
440,G99,달리 분류된 질환에서의 신경계통의 기타 장애
441,H10,결막염
442,H11,결막의 기타 장애
443,H13,달리 분류된 질환에서의 결막의 장애
444,H15,공막의 장애
445,H16,각막염
446,H17,각막 흉터 및 혼탁
447,H18,각막의 기타 장애
448,H19,달리 분류된 질환에서의 공막 및 각막의 장애
449,H20,홍채섬모체염
450,H21,홍채 및 섬모체의 기타 장애
451,H22,달리 분류된 질환에서의 홍채 및 섬모체의 장애
452,H25,노년백내장
453,H26,기타 백내장
454,H27,수정체의 기타 장애
455,H28,달리 분류된 질환에서의 백내장 및 수정체의 기타 장애
456,H30,맥락망막염증
457,H31,맥락막의 기타 장애
458,H32,달리 분류된 질환에서의 맥락망막장애
459,H33,망막박리 및 망막열공
460,H34,망막혈관폐쇄
461,H35,기타 망막장애
462,H36,달리 분류된 질환에서의 망막장애
463,H40,녹내장
464,H42,달리 분류된 질환에서의 녹내장
465,H43,유리체의 장애
466,H44,안구의 장애
467,H45,달리 분류된 질환에서의 유리체 및 안구의 장애
468,H46,시신경염
469,H47,시[제2]신경 및 시각경로의 기타 장애
470,H48,달리 분류된 질환에서의 시[제2]신경 및 시각경로의 장애
471,H49,마비성 사시
472,H50,기타 사시
473,H51,양안운동의 기타 장애
474,H52,굴절 및 조절의 장애
475,H53,시각장애
476,H54,실명을 포함한 시력장애(양안의 또는 단안의)
477,H55,안진 및 기타 불규칙적 눈운동
478,H57,눈 및 눈부속기의 기타 장애
479,H58,달리 분류된 질환에서의 눈 및 눈부속기의 기타 장애
480,H59,달리 분류되지 않은 눈 및 눈부속기의 처치후 장애
481,H65,비화농성 중이염
482,H66,화농성 및 상세불명의 중이염
483,H67,달리 분류된 질환에서의 중이염
484,H68,귀인두관염 및 귀인두관 폐색
485,H69,귀인두관의 기타 장애
486,H70,유돌염 및 관련 병태
487,H71,중이의 진주종
488,H72,고막의 천공
489,H73,고막의 기타 장애
490,H74,중이 및 유돌의 기타 장애
491,H75,달리 분류된 질환에서의 중이 및 유돌의 기타 장애
492,H80,귀경화증
493,H81,전정기능의 장애
494,H82,달리 분류된 질환에서의 현기증후군
495,H83,내이의 기타 질환
496,H90,전음성 및 감각신경성 청력소실
497,H91,기타 청력소실
498,H92,귀통증 및 귀의 삼출액
499,H93,달리 분류되지 않은 귀의 기타 장애
500,H94,달리 분류된 질환에서의 귀의 기타 장애
501,H95,달리 분류되지 않은 귀 및 유돌의 처치후 장애
502,I05,류마티스성 승모판질환
503,I06,류마티스성 대동맥판질환
504,I07,류마티스성 삼첨판질환
505,I08,다발판막질환
506,I09,기타 류마티스심장질환
507,I10,본태성(원발성) 고혈압
508,I11,고혈압성 심장병
509,I12,고혈압성 신장병
510,I13,고혈압성 심장 및 신장병
511,I15,이차성 고혈압
512,I20,협심증
513,I21,급성 심근경색증
514,I22,후속심근경색증
515,I23,급성 심근경색증 후 특정 현존 합병증
516,I24,기타 급성 허혈심장질환
517,I25,만성 허혈심장병
518,I26,폐색전증
519,I27,기타 폐성 심장질환
520,I28,폐혈관의 기타 질환
521,I30,급성 심장막염
522,I31,심장막의 기타 질환
523,I32,달리 분류된 질환에서의 심장막염
524,I33,급성 및 아급성 심내막염
525,I34,비류마티스성 승모판장애
526,I35,비류마티스성 대동맥판장애
527,I36,비류마티스성 삼첨판장애
528,I37,폐동맥판장애
529,I38,상세불명 판막의 심내막염
530,I39,달리 분류된 질환에서의 심내막염 및 심장판막장애
531,I40,급성 심근염
532,I41,달리 분류된 질환에서의 심근염
533,I42,심근병증
534,I43,달리 분류된 질환에서의 심근병증
535,I44,방실차단 및 좌각차단
536,I45,기타 전도장애
537,I46,심장정지
538,I47,발작성 빈맥
539,I48,심방세동 및 조동
540,I49,기타 심장부정맥
541,I50,심부전
542,I51,심장병의 불명확한 기록 및 합병증
543,I52,달리 분류된 질환에서의 기타 심장장애
544,I60,지주막하출혈
545,I61,뇌내출혈
546,I62,기타 비외상성 두개내출혈
547,I63,뇌경색증
548,I64,출혈 또는 경색증으로 명시되지 않은 뇌졸중
549,I65,뇌경색증을 유발하지 않은 뇌전동맥의 폐쇄 및 협착
550,I66,뇌경색증을 유발하지 않은 대뇌동맥의 폐쇄 및 협착
551,I67,기타 뇌혈관질환
552,I68,달리 분류된 질환에서의 뇌혈관장애
553,I69,뇌혈관질환의 후유증
554,I70,죽상경화증
555,I71,대동맥동맥류 및 박리
556,I72,기타 동맥류 및 박리
557,I73,기타 말초혈관질환
558,I74,동맥색전증 및 혈전증
559,I77,동맥 및 세동맥의 기타 장애
560,I78,모세혈관의 질환
561,I79,"달리 분류된 질환에서의 동맥, 세동맥 및 모세혈관의 장애"
562,I80,정맥염 및 혈전정맥염
563,I81,문맥혈전증
564,I82,기타 정맥의 색전증 및 혈전증
565,I83,하지의 정맥류
566,I85,식도정맥류
567,I86,기타 부위의 정맥류
568,I87,정맥의 기타 장애
569,I88,비특이성 림프절염
570,I89,림프관 및 림프절의 기타 비감염성 장애
571,I95,저혈압
572,I97,달리 분류되지 않은 순환계통의 처치후 장애
573,I98,달리 분류된 질환에서의 순환계통의 기타 장애
574,I99,순환계통의 기타 및 상세불명의 장애
575,J09,확인된 동물매개 또는 범유행 인플루엔자바이러스에 의한 인플루엔자
576,J10,확인된 계절성 인플루엔자바이러스에 의한 인플루엔자
577,J11,바이러스가 확인되지 않은 인플루엔자
578,J12,달리 분류되지 않은 바이러스폐렴
579,J13,폐렴연쇄구균에 의한 폐렴
580,J14,인플루엔자균에 의한 폐렴
581,J15,달리 분류되지 않은 세균성 폐렴
582,J16,달리 분류되지 않은 기타 감염성 병원체에 의한 폐렴
583,J17,달리 분류된 질환에서의 폐렴
584,J18,상세불명 병원체의 폐렴
585,J20,급성 기관지염
586,J21,급성 세기관지염
587,J22,상세불명의 급성 하기도감염
588,J30,혈관운동성 및 앨러지성 비염
589,J31,"만성 비염, 비인두염 및 인두염"
590,J32,만성 부비동염
591,J33,코폴립
592,J34,코 및 비동의 기타 장애
593,J35,편도 및 아데노이드의 만성 질환
594,J36,편도주위농양
595,J37,만성 후두염 및 후두기관염
596,J38,달리 분류되지 않은 성대 및 후두의 질환
597,J39,상기도의 기타 질환
598,J40,급성인지 만성인지 명시되지 않은 기관지염
599,J41,단순성 및 점액화농성 만성 기관지염
600,J42,상세불명의 만성 기관지염
601,J43,폐기종
602,J44,기타 만성 폐색성 폐질환
603,J45,천식
604,J46,천식지속상태
605,J47,기관지확장증
606,J60,탄광부진폐증
607,J61,석면 및 기타 광섬유에 의한 진폐증
608,J62,실리카를 함유한 먼지에 의한 진폐증
609,J63,기타 무기물먼지에 의한 진폐증
610,J64,상세불명의 진폐증
611,J65,결핵과 연관된 진폐증
612,J66,특정 유기물먼지에 의한 기도질환
613,J67,유기물먼지에 의한 과민성 폐렴
614,J68,"화학물질, 가스, 훈증기 및 물김의 흡입에 의한 호흡기병태"
615,J69,고체 및 액체에 의한 폐렴
616,J70,기타 외부요인에 의한 호흡기병태
617,J80,성인호흡곤란증후군
618,J81,폐부종
619,J82,달리 분류되지 않은 폐호산구증가
620,J84,기타 간질성 폐질환
621,J85,폐 및 종격의 농양
622,J86,농흉
623,J90,달리 분류되지 않은 흉막삼출액
624,J91,달리 분류된 병태에서의 흉막삼출액
625,J92,흉막판
626,J93,기흉
627,J94,기타 흉막의 병태
628,J95,달리 분류되지 않은 처치후 호흡장애
629,J96,달리 분류되지 않은 호흡부전
630,J98,기타 호흡장애
631,J99,달리 분류된 질환에서의 호흡장애
632,K20,식도염
633,K21,위-식도역류병
634,K22,식도의 기타 질환
635,K23,달리 분류된 질환에서의 식도의 장애
636,K25,위궤양
637,K26,십이지장궤양
638,K27,상세불명 부위의 소화성 궤양
639,K28,위공장궤양
640,K29,위염 및 십이지장염
641,K30,기능성 소화불량
642,K31,위 및 십이지장의 기타 질환
643,K35,급성 충수염
644,K36,기타 충수염
645,K37,상세불명의 충수염
646,K38,충수의 기타 질환
647,K40,사타구니탈장
648,K41,대퇴탈장
649,K42,배꼽탈장
650,K43,복벽탈장
651,K44,횡격막탈장
652,K45,기타 복벽탈장
653,K46,상세불명의 복벽탈장
654,K50,크론병[국소성 장염]
655,K51,궤양성 대장염
656,K52,기타 비감염성 위장염 및 결장염
657,K55,장의 혈관장애
658,K56,탈장이 없는 마비성 장폐색증 및 장폐색
659,K57,장의 게실병
660,K58,과민대장증후군
661,K59,기타 기능성 장장애
662,K60,항문 및 직장부의 열창 및 누공
663,K61,항문 및 직장부의 농양
664,K62,항문 및 직장의 기타 질환
665,K63,장의 기타 질환
666,K64,치핵 및 항문주위정맥혈전증
667,K65,복막염
668,K66,복막의 기타 장애
669,K67,달리 분류된 감염성 질환에서의 복막의 장애
670,K70,알콜성 간질환
671,K71,독성간질환
672,K72,달리 분류되지 않은 간부전
673,K73,달리 분류되지 않은 만성 간염
674,K74,간의 섬유증 및 경변증
675,K75,기타 염증성 간질환
676,K76,간의 기타 질환
677,K77,달리 분류된 질환에서의 간장애
678,K80,담석증
679,K81,담낭염
680,K82,담낭의 기타 질환
681,K83,담도의 기타 질환
682,K85,급성 췌장염
683,K86,췌장의 기타 질환
684,K87,"달리 분류된 질환에서의 담낭, 담도 및 췌장의 장애"
685,K90,장흡수장애
686,K91,달리 분류되지 않은 소화계통의 처치후 장애
687,K92,소화계통의 기타 질환
688,K93,달리 분류된 질환에서의 기타 소화기관장애
689,L10,천포창
690,L11,기타 극세포분리장애
691,L12,유사천포창
692,L13,기타 수포성 장애
693,L14,달리 분류된 질환에서의 수포성 장애
694,L20,아토피성 피부염
695,L21,지루피부염
696,L22,기저귀[냅킨]피부염
697,L23,앨러지성 접촉피부염
698,L24,자극물접촉피부염
699,L25,상세불명의 접촉피부염
700,L26,탈락피부염
701,L27,내부로 섭취된 물질에 의한 피부염
702,L28,만성 단순태선 및 가려움발진
703,L29,가려움
704,L30,기타 피부염
705,L40,건선
706,L41,유사건선
707,L42,장미색잔비늘증(비강진)
708,L43,편평태선
709,L44,기타 구진비늘장애
710,L45,달리 분류된 질환에서의 구진비늘장애
711,L50,두드러기
712,L51,다형홍반
713,L52,결절홍반
714,L53,기타 홍반성 병태
715,L54,달리 분류된 질환에서의 홍반
716,L55,일광화상
717,L56,자외선에 의한 기타 급성 피부변화
718,L57,비이온화방사선 만성 노출에 의한 피부변화
719,L58,방사선피부염
720,L59,방사선에 관련된 피부 및 피하조직의 기타 장애
721,L60,손발톱장애
722,L62,달리 분류된 질환에서의 손발톱장애
723,L63,원형 탈모증
724,L64,안드로젠탈모증
725,L65,기타 비흉터성 모발손실
726,L66,흉터탈모증[흉터성 모발손실]
727,L67,모발색 및 모발줄기 이상
728,L68,털과다증
729,L70,여드름
730,L71,주사
731,L72,피부 및 피하조직의 모낭낭
732,L73,기타 모낭장애
733,L74,에크린땀샘장애
734,L75,아포크린땀샘장애
735,L80,백반증
736,L81,색소침착의 기타 장애
737,L82,지루각화증
738,L83,흑색극세포증
739,L84,티눈 및 굳은살
740,L85,기타 표피의 비후
741,L86,달리 분류된 질환에서의 각피증
742,L87,표피경유제거장애
743,L88,괴저성 농피증
744,L89,욕창궤양 및 압박부위
745,L90,피부의 위축장애
746,L91,피부의 비대성 장애
747,L92,피부 및 피하조직의 육아종성 장애
748,L93,홍반루푸스
749,L94,기타 국소적 결합조직장애
750,L95,달리 분류되지 않은 피부에 한정된 혈관염
751,L97,달리 분류되지 않은 다리의 궤양
752,L98,달리 분류되지 않은 피부 및 피하조직의 기타 장애
753,L99,달리 분류된 질환에서의 피부 및 피하조직의 기타 장애
754,M30,결절성 다발동맥염 및 관련 병태
755,M31,기타 괴사성 혈관병증
756,M32,전신홍반루푸스
757,M33,피부다발근염
758,M34,전신경화증
759,M35,결합조직의 기타 전신침범
760,M36,달리 분류된 질환에서의 결합조직의 전신장애
761,M40,M43 변형성 등병증
762,M45,M49 척추병증
763,M50,M54 기타 등병증
764,M60,M63 근육 장애
765,M65,M68 윤활막 및 힘줄장애
766,M70,M79 기타 연조직장애
767,M80,M85 골밀도 및 구조장애
768,M86,M90 기타 골병증
769,M91,M94 연골병증
770,M95,근골격계통 및 결합조직의 기타 후천성 변형
771,M96,달리 분류되지 않은 처치후 근골격장애
772,M99,달리 분류되지 않은 생체역학적 병변
773,N10,급성 세뇨관-간질신장염
774,N11,만성 세뇨관-간질신장염
775,N12,급성 또는 만성으로 명시되지 않은 세뇨관-간질신장염
776,N13,폐색성 및 역류성 요로병증
777,N14,약물 및 중금속 유발 세뇨관-간질 및 세뇨관 병태
778,N15,기타 신세뇨관-간질질환
779,N16,달리 분류된 질환에서의 신세뇨관-간질장애
780,N17,급성 신부전
781,N18,만성 신장병
782,N19,상세불명의 신부전
783,N20,신장 및 요관의 결석
784,N21,하부요로의 결석
785,N22,달리 분류된 질환에서의 요로의 결석
786,N23,상세불명의 신장 급통증
787,N25,세뇨관기능손상으로 인한 장애
788,N26,상세불명의 신장위축
789,N27,원인불명의 작은 신장
790,N28,달리 분류되지 않은 신장 및 요관의 기타 장애
791,N29,달리 분류된 질환에서의 신장 및 요관의 기타 장애
792,N30,방광염
793,N31,달리 분류되지 않은 방광의 신경근육기능장애
794,N32,방광의 기타 장애
795,N33,달리 분류된 질환에서의 방광장애
796,N34,요도염 및 요도증후군
797,N35,요도협착
798,N36,요도의 기타 장애
799,N37,달리 분류된 질환에서의 요도장애
800,N39,비뇨계통의 기타 장애
801,N40,전립선증식증
802,N41,전립선의 염증성 질환
803,N42,전립선의 기타 장애
804,N43,음낭수종 및 정액류
805,N44,고환의 염전
806,N45,고환염 및 부고환염
807,N46,남성불임
808,N47,"과잉포피, 포경 및 감돈포경"
809,N48,음경의 기타 장애
810,N49,달리 분류되지 않은 남성생식기관의 염증성 장애
811,N50,남성생식기관의 기타 장애
812,N51,달리 분류된 질환에서의 남성생식기관의 장애
813,N60,양성 유방형성이상
814,N61,유방의 염증성 장애
815,N62,유방의 비대
816,N63,유방의 상세불명의 덩이
817,N64,유방의 기타 장애
818,N70,난관염 및 난소염
819,N71,자궁경부를 제외한 자궁의 염증성 질환
820,N72,자궁경부의 염증성 질환
821,N73,기타 여성골반염증질환
822,N74,달리 분류된 질환에서의 여성골반염증장애
823,N75,바르톨린선의 질환
824,N76,질 및 외음부의 기타 염증
825,N77,달리 분류된 질환에서의 외음질의 궤양 및 염증
826,N80,자궁내막증
827,N81,여성생식기탈출
828,N82,여성생식관을 침범한 누공
829,N83,"난소, 난관 및 넓은인대의 비염증성 장애"
830,N84,여성생식관의 폴립
831,N85,자궁경부를 제외한 자궁의 기타 비염증성 장애
832,N86,자궁경부의 미란 및 외반
833,N87,자궁경부의 이형성
834,N88,자궁경부의 기타 비염증성 장애
835,N89,질의 기타 비염증성 장애
836,N90,외음부 및 회음부의 기타 비염증성 장애
837,N91,"무월경, 소량 및 희발 월경"
838,N92,"과다, 빈발 및 불규칙 월경"
839,N93,기타 이상 자궁 및 질 출혈
840,N94,여성생식기관 및 월경주기와 관련된 통증 및 기타 병태
841,N95,폐경 및 기타 폐경전후 장애
842,N96,습관적 유산자
843,N97,여성불임
844,N98,인공수정과 관련된 합병증
845,N99,달리 분류되지 않은 비뇨생식계통의 처치후 장애
846,O10,"임신, 출산 및 산후기에 합병된 전에 있던 고혈압"
847,O11,만성 고혈압에 겹친 전자간
848,O12,고혈압을 동반하지 않은 임신성[임신-유발] 부종 및 단백뇨
849,O13,임신[임신-유발]고혈압
850,O14,전자간
851,O15,자간
852,O16,상세불명의 산모고혈압
853,O20,초기임신중 출혈
854,O21,임신중 과다구토
855,O22,임신중 정맥합병증 및 치핵
856,O23,임신중 비뇨생식관의 감염
857,O24,임신중 당뇨병
858,O25,임신중 영양실조
859,O26,주로 임신에 관련된 기타 병태의 산모관리
860,O28,산모의 출산전 선별검사의 이상소견
861,O29,임신중 마취의 합병증
862,O30,다태임신
863,O31,다태임신에 특이한 합병증
864,O32,태아의 알려진 또는 의심되는 이상태위에 대한 산모관리
865,O33,알려진 또는 의심되는 불균형에 대한 산모관리
866,O34,골반기관의 알려진 또는 의심되는 이상에 대한 산모관리
867,O35,알려진 또는 의심되는 태아 이상 및 손상에 대한 산모관리
868,O36,기타 알려진 또는 의심되는 태아문제에 대한 산모관리
869,O40,양수과다증
870,O41,양수 및 양막의 기타 장애
871,O42,양막의 조기파열
872,O43,태반장애
873,O44,전치태반
874,O45,태반의 조기분리[태반조기박리]
875,O46,달리 분류되지 않은 분만전 출혈
876,O47,가진통
877,O48,지연임신
878,O60,조기진통 및 분만
879,O61,유도분만의 실패
880,O62,분만힘의 이상
881,O63,지연진통
882,O64,태아의 이상태위로 인한 난산
883,O65,산모골반이상으로 인한 난산
884,O66,기타 난산
885,O67,달리 분류되지 않은 분만중 출혈이 합병된 진통 및 분만
886,O68,태아스트레스[절박]가 합병된 진통 및 분만
887,O69,탯줄합병증이 합병된 진통 및 분만
888,O70,분만중 회음열상
889,O71,기타 산과적 외상
890,O72,분만후 출혈
891,O73,출혈이 없는 잔류 태반 및 양막
892,O74,진통 및 분만중 마취의 합병증
893,O75,달리 분류되지 않은 진통 및 분만의 기타 합병증
894,O80,단일자연분만
895,O81,집게 및 진공흡착기에 의한 단일분만
896,O82,제왕절개에 의한 단일분만
897,O83,기타 보조단일분만
898,O84,다태분만
899,O85,산후기 패혈증
900,O86,기타 산후기감염
901,O87,산후기중 정맥합병증 및 치핵
902,O88,산과적 색전증
903,O89,산후기중 마취의 합병증
904,O90,달리 분류되지 않은 산후기의 합병증
905,O91,출산과 관련된 유방의 감염
906,O92,출산과 관련된 유방 및 수유의 기타 장애
907,O94,"임신, 출산 및 산후기 합병증의 후유증"
908,O95,상세불명의 원인에 의한 산과적 사망
909,O96,분만후 42일 초과 1년 이내에 일어난 모든 산과적 원인에 의한 사망
910,O97,산과적 원인의 후유증에 의한 사망
911,O98,"달리 분류될 수 있지만 임신, 출산 및 산후기에 합병된 산모의 감염성 및 기생충성 질환"
912,O99,"달리 분류될 수 있지만 임신, 출산 및 산후기에 합병된 기타 산모질환"
913,P05,태아성장지연 및 태아영양실조
914,P07,달리 분류되지 않은 단기임신 및 저체중출산에 관련된 장애
915,P08,장기임신 및 고체중출산에 관련된 장애
916,P10,출산손상으로 인한 두개내 열상 및 출혈
917,P11,중추신경계통에 대한 기타 출산손상
918,P12,두피의 출산손상
919,P13,골격의 출산손상
920,P14,말초 신경계통의 출산손상
921,P15,기타 출산손상
922,P20,자궁내저산소증
923,P21,출산질식
924,P22,신생아의 호흡곤란
925,P23,선천폐렴
926,P24,신생아흡인증후군
927,P25,출생전후기에 기원한 간질성 폐기종 및 관련 병태
928,P26,출생전후기에 기원한 폐출혈
929,P27,출생전후기에 기원한 만성 호흡기질환
930,P28,출생전후기에 기원한 기타 호흡기병태
931,P29,출생전후기에 기원한 심혈관장애
932,P35,선천성 바이러스질환
933,P36,신생아의 세균패혈증
934,P37,기타 선천성 감염 및 기생충질환
935,P38,경도의 출혈을 동반하거나 동반하지 않은 신생아배꼽염
936,P39,출생전후기에 특이한 기타 감염
937,P50,태아실혈
938,P51,신생아의 탯줄출혈
939,P52,태아 및 신생아의 두개내 비외상성 출혈
940,P53,태아 및 신생아의 출혈성 질환
941,P54,기타 신생아출혈
942,P55,태아 및 신생아의 용혈질환
943,P56,용혈질환으로 인한 태아수종
944,P57,핵황달
945,P58,기타 과다용혈로 인한 신생아황달
946,P59,기타 및 상세불명의 원인으로 인한 신생아황달
947,P60,태아 및 신생아의 파종성 혈관내응고
948,P61,기타 출생전후기 혈액학적 장애
949,P70,태아 및 신생아에 특이한 일과성 탄수화물대사장애
950,P71,일과성 신생아 칼슘 및 마그네슘 대사장애
951,P72,기타 일과성 신생아내분비장애
952,P74,기타 일과성 신생아 전해질 및 대사 장애
953,P75,낭성 섬유증에서의 태변장폐색(E84.1†)
954,P76,신생아의 기타 장폐색
955,P77,태아 및 신생아의 괴사성 장결장염
956,P78,기타 출생전후기 소화계통장애
957,P80,신생아의 저체온증
958,P81,신생아 체온조절의 기타 장애
959,P83,태아 및 신생아에 특이한 피부의 기타 병태
960,P90,신생아의 경련
961,P91,신생아 대뇌상태의 기타 장애
962,P92,신생아의 수유문제
963,P93,태아 및 신생아에게 투여한 약물의 반응 및 중독
964,P94,신생아의 근긴장도의 장애
965,P95,상세불명 원인의 태아사망
966,P96,출생전후기에 기원한 기타 병태
967,Q10,"눈꺼풀, 눈물기관 및 안와의 선천기형"
968,Q11,"무안구증, 소안구증 및 대안구증"
969,Q12,선천성 수정체기형
970,Q13,전안부의 선천기형
971,Q14,후안부의 선천기형
972,Q15,눈의 기타 선천기형
973,Q16,청력장애를 유발하는 귀의 선천기형
974,Q17,귀의 기타 선천기형
975,Q18,얼굴 및 목의 기타 선천기형
976,Q20,심장 방실 및 연결의 선천기형
977,Q21,심장중격의 선천기형
978,Q22,폐동맥판 및 삼첨판의 선천기형
979,Q23,대동맥판 및 승모판의 선천기형
980,Q24,심장의 기타 선천기형
981,Q25,대동맥혈관의 선천기형
982,Q26,대정맥혈관의 선천기형
983,Q27,말초혈관계통의 기타 선천기형
984,Q28,순환계통의 기타 선천기형
985,Q30,코의 선천기형
986,Q31,후두의 선천기형
987,Q32,기관 및 기관지의 선천기형
988,Q33,폐의 선천기형
989,Q34,호흡계통의 기타 선천기형
990,Q35,구개열
991,Q36,구순열
992,Q37,구순열을 동반한 구개열
993,Q38,"혀, 입 및 인두의 기타 선천기형"
994,Q39,식도의 선천기형
995,Q40,상부소화관의 기타 선천기형
996,Q41,"소장의 선천성 결여, 폐쇄 및 협착"
997,Q42,"대장의 선천 결여, 폐쇄 및 협착"
998,Q43,장의 기타 선천기형
999,Q44,"담낭, 담관 및 간의 선천기형"
1000,Q45,소화계통의 기타 선천기형
1001,Q50,"난소, 난관 및 넓은인대의 선천기형"
1002,Q51,자궁 및 자궁경부의 선천기형
1003,Q52,여성생식기의 기타 선천기형
1004,Q53,미하강고환
1005,Q54,요도하열
1006,Q55,남성생식기관의 기타 선천기형
1007,Q56,불확정 성 및 거짓반음양증
1008,Q60,신장무발생 및 신장의 기타 감소결손
1009,Q61,낭성 신장병
1010,Q62,신우의 선천성 폐색성 결손 및 요관의 선천기형
1011,Q63,신장의 기타 선천기형
1012,Q64,비뇨계통의 기타 선천기형
1013,Q65,고관절의 선천변형
1014,Q66,발의 선천변형
1015,Q67,"머리, 얼굴, 척추 및 흉부의 선천성 근골격변형"
1016,Q68,기타 선천성 근골격변형
1017,Q69,다지증
1018,Q70,합지증
1019,Q71,팔의 감소결손
1020,Q72,다리의 감소결손
1021,Q73,상세불명 사지의 감소결손
1022,Q74,사지의 기타 선천기형
1023,Q75,두개골 및 안면골의 기타 선천기형
1024,Q76,척추 및 골성 흉곽의 선천기형
1025,Q77,관상골 및 척추의 성장결손을 동반한 골연골형성이상
1026,Q78,기타 골연골형성이상
1027,Q79,달리 분류되지 않은 근골격계통의 선천기형
1028,Q80,선천비늘증
1029,Q81,수포성 표피박리증
1030,Q82,피부의 기타 선천기형
1031,Q83,유방의 선천기형
1032,Q84,외피의 기타 선천기형
1033,Q85,달리 분류되지 않은 모반증
1034,Q86,달리 분류되지 않은 알려진 외인으로 인한 선천기형증후군
1035,Q87,다발계통에 영향을 주는 기타 명시된 선천기형증후군
1036,Q89,달리 분류되지 않은 기타 선천기형
1037,Q90,다운증후군
1038,Q91,에드워즈증후군 및 파타우증후군
1039,Q92,달리 분류되지 않은 보통염색체의 기타 삼염색체증 및 부분삼염색체증
1040,Q93,달리 분류되지 않은 보통염색체의 단일염색체증 및 결손
1041,Q95,달리 분류되지 않은 균형된 재배열 및 구조표지자
1042,Q96,터너증후군
1043,Q97,달리 분류되지 않은 여성표현형의 기타 성염색체이상
1044,Q98,달리 분류되지 않은 남성표현형의 기타 성염색체이상
1045,Q99,달리 분류되지 않은 기타 염색체이상
1046,R10,복부 및 골반 통증
1047,R11,구역 및 구토
1048,R12,속쓰림
1049,R13,삼킴곤란
1050,R14,고창 및 연관된 병태
1051,R15,대변실금
1052,R16,달리 분류되지 않은 간비대 및 비장비대
1053,R17,상세불명의 황달
1054,R18,복수
1055,R19,소화계통 및 복부의 기타 증상 및 징후
1056,R20,피부감각의 장애
1057,R21,발진 및 기타 비특이성 피부발진
1058,R22,"피부 및 피하조직의 국소적 부기, 종괴 및 덩이"
1059,R23,기타 피부변화
1060,R25,이상불수의운동
1061,R26,보행과 이동의 이상
1062,R27,기타 협조결여
1063,R29,신경계통 및 근골격계통의 기타 증상 및 징후
1064,R30,배뇨와 연관된 통증
1065,R31,상세불명의 혈뇨
1066,R32,상세불명의 요실금
1067,R33,소변정체
1068,R34,무뇨 및 핍뇨
1069,R35,다뇨
1070,R36,요도분비물
1071,R39,비뇨계통의 기타 증상 및 징후
1072,R40,"기면, 혼미 및 혼수"
1073,R41,인지기능 및 자각에 관련된 기타 증상 및 징후
1074,R42,어지럼증 및 어지럼
1075,R43,후각 및 미각 장애
1076,R44,일반적 감각 및 지각에 관련된 기타 증상 및 징후
1077,R45,정서상태에 관련된 증상 및 징후
1078,R46,외양 및 행동에 관련된 증상 및 징후
1079,R47,달리 분류되지 않은 언어장애
1080,R48,달리 분류되지 않은 난독증 및 기타 상징적 기능이상
1081,R49,음성장애
1082,R50,기타 및 원인미상의 열
1083,R51,두통
1084,R52,달리 분류되지 않은 통증
1085,R53,병감 및 피로
1086,R54,노쇠
1087,R55,실신 및 허탈
1088,R56,달리 분류되지 않은 경련
1089,R57,달리 분류되지 않은 쇼크
1090,R58,달리 분류되지 않은 출혈
1091,R59,림프절비대
1092,R60,달리 분류되지 않은 부종
1093,R61,다한증
1094,R62,기대되는 정상 생리학적 발달의 결여
1095,R63,음식 및 수액 섭취에 관계된 증상 및 징후
1096,R64,카켁시아
1097,R65,전신염증반응증후군
1098,R68,기타 전신 증상 및 징후
1099,R69,미상 및 상세불명의 병인
1100,R70,적혈구침강속도의 상승 및 혈장점도의 이상
1101,R71,적혈구의 이상
1102,R72,달리 분류되지 않은 백혈구의 이상
1103,R73,혈당치상승
1104,R74,이상혈청효소수치
1105,R75,인체면역결핍바이러스의 검사실 증거
1106,R76,혈청의 기타 면역학적 이상소견
1107,R77,혈장단백질의 기타 이상
1108,R78,정상적으로는 혈액내에 없는 약물 및 기타 물질의 소견
1109,R79,혈액화학의 기타 이상소견
1110,R80,고립된 단백뇨
1111,R81,당뇨
1112,R82,요의 기타 이상소견
1113,R83,뇌척수액의 이상소견
1114,R84,호흡기관 및 흉부 검사물의 이상소견
1115,R85,소화기관 및 복강 검사물의 이상소견
1116,R86,남성생식기관 검사물의 이상소견
1117,R87,여성생식기관 검사물의 이상소견
1118,R89,"기타 기관, 계통 및 조직 검사물의 이상소견"
1119,R90,중추신경계통의 진단영상검사상 이상소견
1120,R91,폐의 진단영상검사상 이상소견
1121,R92,유방의 진단영상검사상 이상소견
1122,R93,기타 신체구조의 진단영상검사상 이상소견
1123,R94,기능검사의 이상결과
1124,R95,영아돌연사증후군
1125,R96,원인 미상의 기타 돌연사
1126,R98,지켜본 사람이 없었던 사망
1127,R99,기타 불명확하고 상세불명의 사망원인
1128,S10,목의 표재성 손상
1129,S11,목의 열린상처
1130,S12,목의 골절
1131,S13,"목부위의 관절 및 인대의 탈구, 염좌 및 긴장"
1132,S14,목부위의 신경 및 척수의 손상
1133,S15,목부위의 혈관의 손상
1134,S16,목부위의 근육 및 힘줄의 손상
1135,S17,목의 으깸손상
1136,S18,목부위의 외상성 절단
1137,S19,목의 기타 및 상세불명의 손상
1138,S20,흉부의 표재성 손상
1139,S21,흉부의 열린상처
1140,S22,"늑골, 흉골 및 흉추의 골절"
1141,S23,"흉곽의 관절 및 인대의 탈구, 염좌 및 긴장"
1142,S24,흉부부위의 신경 및 척수의 손상
1143,S25,흉부 혈관의 손상
1144,S26,심장의 손상
1145,S27,기타 및 상세불명의 흉곽내기관의 손상
1146,S28,흉부의 으깸손상 및 흉부 부분의 외상성 절단
1147,S29,흉부의 기타 및 상세불명의 손상
1148,S30,"복부, 아래등 및 골반의 표재성 손상"
1149,S31,"복부, 아래등 및 골반의 열린상처"
1150,S32,요추 및 골반의 골절
1151,S33,"요추 및 골반의 관절 및 인대의 탈구, 염좌 및 긴장"
1152,S34,"복부, 아래등 및 골반 부위의 신경 및 허리척수의 손상"
1153,S35,"복부, 아래등 및 골반 부위의 혈관의 손상"
1154,S36,복강내기관의 손상
1155,S37,비뇨 및 골반 기관의 손상
1156,S38,"복부, 아래등 및 골반의 으깸손상 및 외상성 절단"
1157,S39,"복부, 아래등 및 골반의 기타 및 상세불명의 손상"
1158,S40,어깨 및 위팔의 표재성 손상
1159,S41,어깨 및 위팔의 열린상처
1160,S42,어깨 및 위팔의 골절
1161,S43,"견갑대의 관절 및 인대의 탈구, 염좌 및 긴장"
1162,S44,어깨 및 위팔 부위의 신경의 손상
1163,S45,어깨 및 위팔 부위의 혈관의 손상
1164,S46,어깨 및 위팔 부위의 근육 및 힘줄의 손상
1165,S47,어깨 및 위팔의 으깸손상
1166,S48,어깨 및 위팔의 외상성 절단
1167,S49,어깨 및 위팔의 기타 및 상세불명의 손상
1168,S50,아래팔의 표재성 손상
1169,S51,아래팔의 열린상처
1170,S52,아래팔의 골절
1171,S53,"팔꿈치의 관절 및 인대의 탈구, 염좌 및 긴장"
1172,S54,아래팔 부위의 신경의 손상
1173,S55,아래팔 부위의 혈관의 손상
1174,S56,아래팔 부위의 근육 및 힘줄의 손상
1175,S57,아래팔의 으깸손상
1176,S58,아래팔의 외상성 절단
1177,S59,아래팔의 기타 및 상세불명의 손상
1178,S60,손목 및 손의 표재성 손상
1179,S61,손목 및 손의 열린상처
1180,S62,손목 및 손부위의 골절
1181,S63,"손목 및 손부위의 관절 및 인대의 탈구, 염좌 및 긴장"
1182,S64,손목 및 손 부위의 신경의 손상
1183,S65,손목 및 손 부위의 혈관의 손상
1184,S66,손목 및 손 부위의 근육 및 힘줄의 손상
1185,S67,손목 및 손의 으깸손상
1186,S68,손목 및 손의 외상성 절단
1187,S69,손목 및 손의 기타 및 상세불명의 손상
1188,S70,엉덩이 및 대퇴의 표재성 손상
1189,S71,엉덩이 및 대퇴의 열린상처
1190,S72,대퇴골의 골절
1191,S73,"고관절의 관절 및 인대의 탈구, 염좌 및 긴장"
1192,S74,엉덩이 및 대퇴 부위의 신경의 손상
1193,S75,엉덩이 및 대퇴 부위의 혈관의 손상
1194,S76,엉덩이 및 대퇴 부위의 근육 및 힘줄의 손상
1195,S77,엉덩이 및 대퇴의 으깸손상
1196,S78,엉덩이 및 대퇴의 외상성 절단
1197,S79,엉덩이 및 대퇴의 기타 및 상세불명의 손상
1198,S80,아래다리의 표재성 손상
1199,S81,아래다리의 열린상처
1200,S82,발목을 포함한 아래다리의 골절
1201,S83,"무릎의 관절 및 인대의 탈구, 염좌 및 긴장"
1202,S84,아래다리 부위의 신경손상
1203,S85,아래다리 부위의 혈관의 손상
1204,S86,아래다리 부위의 근육 및 힘줄의 손상
1205,S87,아래다리의 으깸손상
1206,S88,아래다리의 외상성 절단
1207,S89,아래다리의 기타 및 상세불명의 손상
1208,S90,발목 및 발의 표재성 손상
1209,S91,발목 및 발의 열린상처
1210,S92,발목을 제외한 발의 골절
1211,S93,"발목 및 발 부위의 관절 및 인대의 탈구, 염좌 및 긴장"
1212,S94,발목 및 발 부위의 신경의 손상
1213,S95,발목 및 발 부위의 혈관의 손상
1214,S96,발목 및 발 부위의 근육 및 힘줄의 손상
1215,S97,발목 및 발의 으깸손상
1216,S98,발목 및 발의 외상성 절단
1217,S99,발목 및 발의 기타 및 상세불명의 손상
1218,T00,여러 신체부위를 침범한 표재성 손상
1219,T01,여러 신체부위를 침범한 열린상처
1220,T02,여러 신체부위를 침범한 골절
1221,T03,"여러 신체부위를 침범한 탈구, 염좌 및 긴장"
1222,T04,여러 신체부위를 침범한 으깸손상
1223,T05,여러 신체부위를 침범한 외상성 절단
1224,T06,달리 분류되지 않은 여러 신체부위를 침범한 기타 손상
1225,T07,상세불명의 다발손상
1226,T08,척추의 상세불명 부위의 골절
1227,T09,척추 및 몸통의 상세불명 부위의 기타 손상
1228,T10,팔의 상세불명 부위의 골절
1229,T11,팔의 상세불명 부위의 기타 손상
1230,T12,다리의 상세불명 부위의 골절
1231,T13,다리의 상세불명 부위의 기타 손상
1232,T14,상세불명의 신체부위의 손상
1233,T15,외안의 이물
1234,T16,귀의 이물
1235,T17,기도의 이물
1236,T18,소화관속의 이물
1237,T19,비뇨생식관의 이물
1238,T20,T25 부위가 명시된 외부 신체 표면의 화상 및 부식
1239,T26,T28 눈 및 내부기관에 국한된 화상 및 부식
1240,T29,T32 다발성 및 상세불명 신체부위의 화상 및 부식
1241,T33,표재성 동상
1242,T34,조직괴사를 동반한 동상
1243,T35,여러 신체부위를 침범한 동상 및 상세불명의 동상
1244,T36,전신항생제에 의한 중독
1245,T37,기타 전신 항감염제 및 항기생충제에 의한 중독
1246,T38,"달리 분류되지 않은 호르몬, 합성호르몬대치물 및 길항제에 의한 중독"
1247,T39,"비아편유사진통제, 해열제 및 항류마티스제에 의한 중독"
1248,T40,마약 및 정신이상약[환각제]에 의한 중독
1249,T41,마취제 및 각종 치료용가스에 의한 중독
1250,T42,"항뇌전증제, 진정제-수면제 및 항파킨슨제에 의한 중독"
1251,T43,달리 분류되지 않은 정신작용제에 의한 중독
1252,T44,일차적으로 자율신경계통에 작용하는 약물에 의한 중독
1253,T45,달리 분류되지 않은 주로 전신 및 혈액에 작용하는 제제에 의한 중독
1254,T46,주로 심혈관계통에 영향을 주는 제제에 의한 중독
1255,T47,주로 위장계통에 영향을 주는 제제에 의한 중독
1256,T48,"주로 평활근, 골격근 및 호흡계통에 작용하는 제제에 의한 중독"
1257,T49,"주로 피부 및 점막에 영향을 주는 국소제제와 안과, 이비인후과 및 치과 약물에 의한 중독"
1258,T50,"이뇨제 및 기타 상세불명의 약물, 약제 및 생물학적 물질에 의한 중독"
1259,T51,알콜의 독성효과
1260,T52,유기용제의 독성효과
1261,T53,지방족 및 방향족탄화수소의 할로겐유도체의 독성효과
1262,T54,부식물질의 독성효과
1263,T55,비누 및 세제의 독성효과
1264,T56,금속의 독성효과
1265,T57,기타 무기물질의 독성효과
1266,T58,일산화탄소의 독성효과
1267,T59,"기타 가스, 연무 또는 물김의 독성효과"
1268,T60,유해생물방제제(농약)의 독성효과
1269,T61,해산물로 섭취한 유해물질의 독성효과
1270,T62,식품으로 섭취한 기타 유해물질의 독성효과
1271,T63,독액성 동물과의 접촉의 독성효과
1272,T64,아플라톡신 및 기타 진균독소 식품오염물질의 독성효과
1273,T65,기타 및 상세불명 물질의 독성효과
1274,T66,방사선의 상세불명의 영향
1275,T67,열 및 빛의 영향
1276,T68,저체온증
1277,T69,저하된 온도의 기타 영향
1278,T70,기압 및 수압의 영향
1279,T71,질식
1280,T73,기타 박탈의 영향
1281,T74,학대증후군
1282,T75,기타 외인의 영향
1283,T78,달리 분류되지 않은 유해작용
1284,T79,달리 분류되지 않은 외상의 특정 조기합병증
1285,T80,"주입, 수혈 및 치료용 주사에 따른 합병증"
1286,T81,달리 분류되지 않은 처치의 합병증
1287,T82,"심장 및 혈관 인공삽입장치, 삽입물 및 이식편의 합병증"
1288,T83,"비뇨생식기 인공삽입장치, 삽입물 및 이식편의 합병증"
1289,T84,"내부 정형외과적 인공삽입장치, 삽입물 및 이식편의 합병증"
1290,T85,"기타 내부 인공삽입장치, 삽입물 및 이식편의 합병증"
1291,T86,이식된 기관 및 조직의 실패 및 거부
1292,T87,재부착 및 절단에 특이한 합병증
1293,T88,달리 분류되지 않은 외과적 및 내과적 치료의 기타 합병증
1294,T90,머리손상의 후유증
1295,T91,목 및 몸통 손상의 후유증
1296,T92,팔손상의 후유증
1297,T93,다리손상의 후유증
1298,T94,다발성 및 상세불명의 신체부위를 침범한 손상의 후유증
1299,T95,"화상, 부식 및 동상의 후유증"
1300,T96,"약물, 약제 및 생물학적 물질에 의한 중독의 후유증"
1301,T97,출처가 주로 비의약품인 물질의 독성효과의 후유증
1302,T98,외인의 기타 및 상세불명 영향의 후유증
1303,X60,"비아편유사진통제, 해열제, 항류마티스제에 의한 자의적 중독 및 노출"
1304,X61,"달리 분류되지 않은 항뇌전증제, 진정제-수면제, 항파킨슨제 및 정신작용제에 의한 자의의 중독 및 노출"
1305,X62,달리 분류되지 않은 마약 및 환각제에 의한 자의의 중독 및 노출
1306,X63,자율신경계통에 작용하는 기타 약물에 의한 자의의 중독 및 노출
1307,X64,"기타 및 상세불명의 약물, 약제 및 생물학적 물질에 의한 자의의 중독 및 노출"
1308,X65,알콜에 의한 자의의 중독 및 노출
1309,X66,유기용제 및 할로겐화 탄화수소 및 그 휘발물질에 의한 자의의 중독 및 노출
1310,X67,기타 가스 및 휘발성 물질에 의한 자의의 중독 및 노출
1311,X68,유해생물방제제(농약)에 의한 자의의 중독 및 노출
1312,X69,기타 및 상세불명의 화학물질 및 독성물질에 의한 자의의 중독 및 노출
1313,X70,"목맴, 교액 및 질식에 의한 의도적 자해"
1314,X71,익사 및 익수에 의한 의도적 자해
1315,X72,권총발사에 의한 의도적 자해
1316,X73,"라이플, 엽총 및 기타 큰 화기발사에 의한 의도적 자해"
1317,X74,기타 및 상세불명의 화기발사에 의한 의도적 자해
1318,X75,폭발성 물질에 의한 의도적 자해
1319,X76,"연기, 불 및 불꽃에 의한 의도적 자해"
1320,X77,"증기, 뜨거운 김 및 뜨거운 물체에 의한 의도적 자해"
1321,X78,예리한 물체에 의한 의도적 자해
1322,X79,둔한 물체에 의한 의도적 자해
1323,X80,높은 곳에서 뛰어내림에 의한 의도적 자해
1324,X81,움직이는 물체 앞에 뛰어들거나 누움에 의한 의도적 자해
1325,X82,자동차의 충돌에 의한 의도적 자해
1326,X83,기타 명시된 수단에 의한 의도적 자해
1327,X84,상세불명의 수단에 의한 의도적 자해
1328,X85,"약물, 약제 및 생물학적 물질에 의한 가해"
1329,X86,부식성 물질에 의한 가해
1330,X87,유해생물방제제(농약)에 의한 가해
1331,X88,가스 및 휘발성 물질에 의한 가해
1332,X89,기타 명시된 화학물질 및 독성물질에 의한 가해
1333,X90,상세불명의 화학물질 또는 독성물질에 의한 가해
1334,X91,"목맴, 교액 및 질식에 의한 가해"
1335,X92,익사 및 익수에 의한 가해
1336,X93,권총발사에 의한 가해
1337,X94,"라이플, 엽총 및 기타 소화기발사에 의한 가해"
1338,X95,기타 및 상세불명의 화기발사에 의한 가해
1339,X96,폭발성 물질에 의한 가해
1340,X97,"연기, 불 및 불꽃에 의한 가해"
1341,X98,"증기, 뜨거운 김 및 뜨거운 물체에 의한 가해"
1342,X99,예리한 물체에 의한 가해
1343,Y00,둔한 물체에 의한 가해
1344,Y01,높은 곳에서 떠밀음에 의한 가해
1345,Y02,피해자를 움직이는 물체앞에 밀거나 놓이게 하여 가해
1346,Y03,자동차충돌에 의한 가해
1347,Y04,완력에 의한 가해
1348,Y05,완력에 의한 성적 학대
1349,Y06,방치 및 유기
1350,Y07,기타 학대
1351,Y08,기타 명시된 수단에 의한 가해
1352,Y09,상세불명의 수단에 의한 가해
1353,Y10,"의도 미확인의 비아편유사진통제, 해열제, 항류마티스제에 의한 중독 및 노출"
1354,Y11,"의도 미확인의 달리 분류되지 않은 항뇌전증제, 진정제-수면제, 항파킨슨제 및 정신작용제에 의한 중독 및 노출"
1355,Y12,의도 미확인의 달리 분류되지 않은 마약 및 환각제에 의한 중독 및 노출
1356,Y13,의도 미확인의 자율신경계통에 작용하는 기타 약물에 의한 중독 및 노출
1357,Y14,"의도 미확인의 기타 및 상세불명의 약물, 약제 및 생물학적 물질에 의한 중독 및 노출"
1358,Y15,의도 미확인의 알콜에 의한 중독 및 노출
1359,Y16,의도 미확인의 유기용제 및 할로젠화 탄화수소 및 그 휘발물질에 의한 중독 및 노출
1360,Y17,의도 미확인의 기타 가스 및 휘발성 물질에 의한 중독 및 노출
1361,Y18,의도 미확인의 유해생물방제제(농약)에 의한 중독 및 노출
1362,Y19,의도 미확인의 기타 및 상세불명의 화학물질 및 유독성 물질에 의한 중독 및 노출
1363,Y20,"의도 미확인의 목맴, 교액 및 질식"
1364,Y21,의도 미확인의 익사 및 익수
1365,Y22,의도 미확인의 권총발사
1366,Y23,"의도 미확인의 라이플, 엽총 및 기타 큰 화기발사"
1367,Y24,의도 미확인의 기타 및 상세불명의 화기발사
1368,Y25,의도 미확인의 폭발성 물질에 접촉
1369,Y26,"의도 미확인의 연기, 불 및 불꽃에 노출"
1370,Y27,"의도 미확인의 증기, 뜨거운 김 및 뜨거운 물체에 접촉"
1371,Y28,의도 미확인의 예리한 물체에 접촉
1372,Y29,의도 미확인의 둔한 물체에 접촉
1373,Y30,"의도 미확인의 높은 곳에서 떨어짐, 뛰어내림 또는 떠밀림"
1374,Y31,"의도 미확인의 움직이는 물체 앞에 또는 안으로 뛰어내림, 누움 또는 떨어짐"
1375,Y32,의도 미확인의 자동차의 충돌
1376,Y33,의도 미확인의 기타 명시된 사건
1377,Y34,의도 미확인의 상세불명의 사건
1378,Y35,법적 개입
1379,Y36,전쟁행위
1380,Y40,"Y59 치료용으로 사용시 유해작용을 나타내는 약물, 약제 및 생물학 물질"
1381,Y60,Y69 외과적 및 내과적 치료 중 환자의 재난
1382,Y70,Y82 진단 및 치료용으로 사용시 유해사건과 관련된 의료장치
1383,Y83,Y84 처치 당시에는 재난에 대한 언급이 없었으나 환자의 이상반응 또는 이후 합병증의 원인이 된 외과적 및 기타 내과적 처치
1384,Y85,운수사고의 후유증
1385,Y86,기타 사고의 후유증
1386,Y87,"의도적 자해, 가해 및 의도 미확인 사건의 후유증"
1387,Y88,외인으로서의 외과적 및 내과적 치료의 후유증
1388,Y89,기타 외인의 후유증
1389,Y90,혈액 알콜농도로 확인된 알콜 관여의 증거
1390,Y91,중독의 농도가 확인된 알콜 관여의 증거
1391,Y95,병원과 관련된 상태
1392,Y96,업무와 관련된 상태
1393,Y97,환경오염과 관련된 상태
1394,Y98,생활방식과 관련된 상태
1395,Z20,전염성 질환에 접촉 및 노출
1396,Z21,무증상 인체면역결핍바이러스 감염상태
1397,Z22,감염성 질환의 보균자
1398,Z23,단일 세균성 질환에 대한 예방접종의 필요
1399,Z24,특정한 단일 바이러스질환에 대한 예방접종의 필요
1400,Z25,기타 단일 바이러스질환에 대한 예방접종의 필요
1401,Z26,기타 단일 감염성 질환에 대한 예방접종의 필요
1402,Z27,감염성 질환의 복합에 대한 예방접종의 필요
1403,Z28,수행되지 못한 예방접종
1404,Z29,기타 예방적 조치의 필요
1405,Z30,피임관리
1406,Z31,출산관리
1407,Z32,임신검사
1408,Z33,우연히 확인된 임신상태
1409,Z34,정상임신의 관리
1410,Z35,고위험임신의 관리
1411,Z36,출산전 선별검사
1412,Z37,분만의 결과
1413,Z38,출산장소에 따른 생존출생
1414,Z39,분만후 관리 및 검사
1415,Z40,예방적 수술
1416,Z41,건강상태개선 이외의 목적으로 이루어진 처치
1417,Z42,성형수술을 포함한 추적치료
1418,Z43,인공개구에 대한 관리
1419,Z44,외부 인공삽입장치의 부착 및 조정
1420,Z45,이식장치의 조정 및 관리
1421,Z46,기타 장치의 부착 및 조정
1422,Z47,기타 정형외과적 추적치료
1423,Z48,기타 외과적 추적치료
1424,Z49,투석을 포함한 치료
1425,Z50,재활처치를 포함한 치료
1426,Z51,기타 의학적 관리
1427,Z52,기관 및 조직의 기증자
1428,Z53,수행되지 않은 특정 처치를 위해 보건서비스에 접하고 있는 사람
1429,Z54,회복기
1430,Z55,교육 및 문해에 관련된 문제
1431,Z56,취업 및 실업에 관련된 문제
1432,Z57,위험요인에 직업적 노출
1433,Z58,물리적 환경에 관련된 문제
1434,Z59,주택 및 경제적 상황에 관련된 문제
1435,Z60,사회적 환경에 관련된 문제
1436,Z61,소아기의 부정적 일상사건에 관련된 문제
1437,Z62,양육에 관련된 기타 문제
1438,Z63,가족상황을 포함하여 일차지원집단에 관련된 기타 문제
1439,Z64,특정 정신사회적 상황에 관련된 문제
1440,Z65,기타 정신사회적 상황에 관련된 문제
1441,Z70,"성적 태도, 행동 및 지향에 관련된 상담"
1442,Z71,달리 분류되지 않은 기타 상담 및 의학적 권고를 위해 보건서비스와 접하고 있는 사람
1443,Z72,생활양식에 관련된 문제
1444,Z73,생활-관리의 어려움에 관련된 문제
1445,Z74,간호제공자 의존성에 관련된 문제
1446,Z75,의료시설 및 기타 보건관리에 관련된 문제
1447,Z76,기타 상황에서 보건서비스와 접하고 있는 사람
1448,Z80,악성 신생물의 가족력
1449,Z81,정신 및 행동 장애의 가족력
1450,Z82,특정 무능력 및 불구의 원인이 되는 만성 질환의 가족력
1451,Z83,기타 특정 장애의 가족력
1452,Z84,기타 병태의 가족력
1453,Z85,악성 신생물의 개인력
1454,Z86,특정 기타 질환의 개인력
1455,Z87,기타 질환 및 병태의 개인력
1456,Z88,"약물, 약제 및 생물학적 물질에 대한 앨러지의 개인력"
1457,Z89,후천성 사지결여
1458,Z90,달리 분류되지 않은 기관의 후천성 결여
1459,Z91,달리 분류되지 않은 위험 요인의 개인력
1460,Z92,의학적 치료의 개인력
1461,Z93,인공개구상태
1462,Z94,이식된 기관 및 조직의 상태
1463,Z95,심장 및 혈관 삽입물 및 이식편의 존재
1464,Z96,기타 기능성 삽입물의 존재
1465,Z97,기타 장치의 존재
1466,Z98,기타 수술후 상태
1467,Z99,달리 분류되지 않은 기능성 기계 및 장치에 대한 의존
1468,U82,베타락탐항생제 내성
1469,U83,기타 항생제 내성
1470,U84,기타 항균제 내성
1471,U85,항암제 내성
1472,U99,재발한 악성 신생물
1473,U22,0 조병(躁病)
1474,U22,1 울증(鬱證)
1475,U22,2 화병(火病)
1476,U23,3 중풍전조증(中風前兆證)
1477,U23,4 중풍후유증(中風後遺證)
1478,U23,8 비증(痺證)
1479,U23,9 위증(痿證)
1480,U24,2 마목불인(痲木不仁)
1481,U28,0 식적(食積)
1482,U28,4 곽란(霍亂)
1483,U30,3 항강(項强)
1484,U30,4 역절풍(歷節風)
1485,U30,5 학슬풍(鶴膝風)
1486,U32,2 음냉(陰冷)
1487,U32,6 아침통(兒枕痛)
1488,U32,7 산후풍(産後風)
1489,U50,육음병증(六淫病證)
1490,U52,U57 육경병증(六經病證)
1491,U59,삼초위기영혈병증(三焦衛氣營血病證)
1492,U60,U63 기혈음양진액병증(氣血陰陽津液病證)
1493,U64,U65 간병증(肝病證)
1494,U66,U67 심병증(心病證)
1495,U68,비병증(脾病證)
1496,U69,U70 폐병증(肺病證)
1497,U71,신병증(腎病證)
1498,U72,담병증(膽病證)
1499,U73,위병증(胃病證)
1500,U74,대장병증(大腸病證)
1501,U75,소장병증(小腸病證)
1502,U76,방광병증(膀胱病證)
1503,U77,충임포궁병증(衝任胞宮病證)
1504,U78,U79 장부겸병증(臟腑兼病證)
1505,U95,소음인병증(少陰人病證)
1506,U96,소양인병증(少陽人病證)
1507,U97,태음인병증(太陰人病證)
1508,U98,태양인병증(太陽人病證)
